{
    "criteria": {
        "entity_killed_player": {
            "trigger": "entity_hurt_player",
            "conditions": {
                "player": [
                    {
                        "condition": "entity_scores",
                        "entity": "this",
                        "scores": {
                            "dc_recentDeath": 1
                        }
                    }
                ]
            }
        }
    },
    "rewards": {
        "function": "drakoncore:players/on_player_death"
    }
}